[{"key":"fr","value":"146EMYzezVNdImrBS.AWUTWBjoe3ougwqoAXqeX-gB12o.BcCMUc.SV.AAA.0.0.BcCMUd.AWV4YcXv","expires":"2019-03-06T06:43:41.000Z","maxAge":7776000,"domain":"facebook.com","path":"/","secure":true,"httpOnly":true,"hostOnly":false,"creation":"2018-12-06T06:43:42.182Z","lastAccessed":"2018-12-06T06:43:48.935Z"},{"key":"sb","value":"HMUIXMfa_8ZFjvlBFU7-QXTD","expires":"2020-12-05T06:43:41.000Z","maxAge":63072000,"domain":"facebook.com","path":"/","secure":true,"httpOnly":true,"hostOnly":false,"creation":"2018-12-06T06:43:42.222Z","lastAccessed":"2018-12-06T06:43:48.935Z"},{"key":"datr","value":"HMUIXEK2Igz2skWvyxztq_wA","domain":"facebook.com","path":"/","hostOnly":false,"creation":"2018-12-06T06:43:42.301Z","lastAccessed":"2018-12-06T06:43:48.935Z"},{"key":"c_user","value":"100004966144394","expires":"2019-03-06T06:43:41.000Z","maxAge":7776000,"domain":"facebook.com","path":"/","secure":true,"hostOnly":false,"creation":"2018-12-06T06:43:42.798Z","lastAccessed":"2018-12-06T06:43:48.935Z"},{"key":"xs","value":"21%3Ad0ccOZ2RAl4vpg%3A2%3A1544078621%3A13185%3A6238","expires":"2019-03-06T06:43:41.000Z","maxAge":7776000,"domain":"facebook.com","path":"/","secure":true,"httpOnly":true,"hostOnly":false,"creation":"2018-12-06T06:43:42.798Z","lastAccessed":"2018-12-06T06:43:48.935Z"},{"key":"pl","value":"n","expires":"2019-03-06T06:43:41.000Z","maxAge":7776000,"domain":"facebook.com","path":"/","secure":true,"httpOnly":true,"hostOnly":false,"creation":"2018-12-06T06:43:42.800Z","lastAccessed":"2018-12-06T06:43:48.935Z"},{"key":"spin","value":"r.4605837_b.trunk_t.1544078622_s.1_v.2_","expires":"2018-12-07T07:43:42.000Z","maxAge":90000,"domain":"facebook.com","path":"/","secure":true,"httpOnly":true,"hostOnly":false,"creation":"2018-12-06T06:43:43.059Z","lastAccessed":"2018-12-06T06:43:48.935Z"},{"key":"presence","value":"EDvF3EtimeF1544078628EuserFA21B04966144394A2EstateFDutF0Et2F_5b_5dElm2FnullEuct2F1544078628040EtrFnullEtwF1334402740EatF1544078628040CEchFDp_5f1B04966144394F0CC","domain":"facebook.com","path":"/","secure":true,"hostOnly":false,"creation":"2018-12-06T06:43:48.041Z","lastAccessed":"2018-12-06T06:43:48.935Z"},{"key":"locale","value":"en_US","domain":"facebook.com","path":"/","secure":true,"hostOnly":false,"creation":"2018-12-06T06:43:48.043Z","lastAccessed":"2018-12-06T06:43:48.935Z"},{"key":"a11y","value":"%7B%22sr%22%3A0%2C%22sr-ts%22%3A1544078628044%2C%22jk%22%3A0%2C%22jk-ts%22%3A1544078628044%2C%22kb%22%3A0%2C%22kb-ts%22%3A1544078628044%2C%22hcm%22%3A0%2C%22hcm-ts%22%3A1544078628044%7D","domain":"facebook.com","path":"/","secure":true,"hostOnly":false,"creation":"2018-12-06T06:43:48.045Z","lastAccessed":"2018-12-06T06:43:48.935Z"},{"key":"fr","value":"146EMYzezVNdImrBS.AWUTWBjoe3ougwqoAXqeX-gB12o.BcCMUc.SV.AAA.0.0.BcCMUd.AWV4YcXv","expires":"2019-03-06T06:43:41.000Z","maxAge":7776000,"domain":"facebook.com","path":"/","secure":true,"httpOnly":true,"hostOnly":false,"creation":"2018-12-06T06:43:42.182Z","lastAccessed":"2018-12-06T06:43:48.935Z"},{"key":"sb","value":"HMUIXMfa_8ZFjvlBFU7-QXTD","expires":"2020-12-05T06:43:41.000Z","maxAge":63072000,"domain":"facebook.com","path":"/","secure":true,"httpOnly":true,"hostOnly":false,"creation":"2018-12-06T06:43:42.222Z","lastAccessed":"2018-12-06T06:43:48.935Z"},{"key":"datr","value":"HMUIXEK2Igz2skWvyxztq_wA","domain":"facebook.com","path":"/","hostOnly":false,"creation":"2018-12-06T06:43:42.301Z","lastAccessed":"2018-12-06T06:43:48.935Z"},{"key":"c_user","value":"100004966144394","expires":"2019-03-06T06:43:41.000Z","maxAge":7776000,"domain":"facebook.com","path":"/","secure":true,"hostOnly":false,"creation":"2018-12-06T06:43:42.798Z","lastAccessed":"2018-12-06T06:43:48.935Z"},{"key":"xs","value":"21%3Ad0ccOZ2RAl4vpg%3A2%3A1544078621%3A13185%3A6238","expires":"2019-03-06T06:43:41.000Z","maxAge":7776000,"domain":"facebook.com","path":"/","secure":true,"httpOnly":true,"hostOnly":false,"creation":"2018-12-06T06:43:42.798Z","lastAccessed":"2018-12-06T06:43:48.935Z"},{"key":"pl","value":"n","expires":"2019-03-06T06:43:41.000Z","maxAge":7776000,"domain":"facebook.com","path":"/","secure":true,"httpOnly":true,"hostOnly":false,"creation":"2018-12-06T06:43:42.800Z","lastAccessed":"2018-12-06T06:43:48.935Z"},{"key":"spin","value":"r.4605837_b.trunk_t.1544078622_s.1_v.2_","expires":"2018-12-07T07:43:42.000Z","maxAge":90000,"domain":"facebook.com","path":"/","secure":true,"httpOnly":true,"hostOnly":false,"creation":"2018-12-06T06:43:43.059Z","lastAccessed":"2018-12-06T06:43:48.935Z"},{"key":"presence","value":"EDvF3EtimeF1544078628EuserFA21B04966144394A2EstateFDutF0Et2F_5b_5dElm2FnullEuct2F1544078628040EtrFnullEtwF1334402740EatF1544078628040CEchFDp_5f1B04966144394F0CC","domain":"facebook.com","path":"/","secure":true,"hostOnly":false,"creation":"2018-12-06T06:43:48.041Z","lastAccessed":"2018-12-06T06:43:48.935Z"},{"key":"locale","value":"en_US","domain":"facebook.com","path":"/","secure":true,"hostOnly":false,"creation":"2018-12-06T06:43:48.043Z","lastAccessed":"2018-12-06T06:43:48.935Z"},{"key":"a11y","value":"%7B%22sr%22%3A0%2C%22sr-ts%22%3A1544078628044%2C%22jk%22%3A0%2C%22jk-ts%22%3A1544078628044%2C%22kb%22%3A0%2C%22kb-ts%22%3A1544078628044%2C%22hcm%22%3A0%2C%22hcm-ts%22%3A1544078628044%7D","domain":"facebook.com","path":"/","secure":true,"hostOnly":false,"creation":"2018-12-06T06:43:48.045Z","lastAccessed":"2018-12-06T06:43:48.935Z"},{"key":"fr","value":"146EMYzezVNdImrBS.AWUTWBjoe3ougwqoAXqeX-gB12o.BcCMUc.SV.AAA.0.0.BcCMUd.AWV4YcXv","expires":"2019-03-06T06:43:41.000Z","maxAge":7776000,"domain":"messenger.com","path":"/","secure":true,"httpOnly":true,"hostOnly":false,"creation":"2018-12-06T06:43:42.220Z","lastAccessed":"2018-12-06T06:43:48.937Z"},{"key":"sb","value":"HMUIXMfa_8ZFjvlBFU7-QXTD","expires":"2020-12-05T06:43:41.000Z","maxAge":63072000,"domain":"messenger.com","path":"/","secure":true,"httpOnly":true,"hostOnly":false,"creation":"2018-12-06T06:43:42.224Z","lastAccessed":"2018-12-06T06:43:48.937Z"},{"key":"c_user","value":"100004966144394","expires":"2019-03-06T06:43:41.000Z","maxAge":7776000,"domain":"messenger.com","path":"/","secure":true,"hostOnly":false,"creation":"2018-12-06T06:43:42.806Z","lastAccessed":"2018-12-06T06:43:48.937Z"},{"key":"xs","value":"21%3Ad0ccOZ2RAl4vpg%3A2%3A1544078621%3A13185%3A6238","expires":"2019-03-06T06:43:41.000Z","maxAge":7776000,"domain":"messenger.com","path":"/","secure":true,"httpOnly":true,"hostOnly":false,"creation":"2018-12-06T06:43:42.807Z","lastAccessed":"2018-12-06T06:43:48.937Z"},{"key":"pl","value":"n","expires":"2019-03-06T06:43:41.000Z","maxAge":7776000,"domain":"messenger.com","path":"/","secure":true,"httpOnly":true,"hostOnly":false,"creation":"2018-12-06T06:43:42.809Z","lastAccessed":"2018-12-06T06:43:48.937Z"},{"key":"spin","value":"r.4605837_b.trunk_t.1544078622_s.1_v.2_","expires":"2018-12-07T07:43:42.000Z","maxAge":90000,"domain":"messenger.com","path":"/","secure":true,"httpOnly":true,"hostOnly":false,"creation":"2018-12-06T06:43:44.195Z","lastAccessed":"2018-12-06T06:43:48.937Z"},{"key":"presence","value":"EDvF3EtimeF1544078628EuserFA21B04966144394A2EstateFDutF0Et2F_5b_5dElm2FnullEuct2F1544078628040EtrFnullEtwF1334402740EatF1544078628040CEchFDp_5f1B04966144394F0CC","domain":"messenger.com","path":"/","secure":true,"hostOnly":false,"creation":"2018-12-06T06:43:48.042Z","lastAccessed":"2018-12-06T06:43:48.937Z"},{"key":"locale","value":"en_US","domain":"messenger.com","path":"/","secure":true,"hostOnly":false,"creation":"2018-12-06T06:43:48.044Z","lastAccessed":"2018-12-06T06:43:48.937Z"}]