{  
    "t":"msg",
    "seq":7,
    "u":100004966144394,
    "ms":[  
       {  
          "view_id":13105309460,
          "type":"m_notification",
          "data":{  
             "thumbnail_pic":{  
                "__html":"<img src=\"https://scontent.fsgn2-3.fna.fbcdn.net/v/t1.0-0/s130x130/47685512_1077210382454490_3744178649851494400_n.jpg?_nc_cat=106&amp;_nc_ht=scontent.fsgn2-3.fna&amp;oh=ccf19d7e3734065bc372ada23f0f905b&amp;oe=5C9B6EFF\" class=\"img\" width=\"58\" />"
             },
             "profile_pic_2x":{  
                "__html":"<img src=\"https://scontent.fhan2-4.fna.fbcdn.net/v/t1.0-1/p86x86/36520582_1703940779724505_9019180620063965184_n.jpg?_nc_cat=105&amp;_nc_ht=scontent.fhan2-4.fna&amp;oh=61d41ee3f06b2617668a59252bb07e3a&amp;oe=5C963623\" class=\"img profpic\" height=\"43\" width=\"43\" />"
             },
             "profile_pic_uri":"https://scontent.fhan2-4.fna.fbcdn.net/v/t1.0-1/p43x43/36520582_1703940779724505_9019180620063965184_n.jpg?_nc_cat=105&_nc_ht=scontent.fhan2-4.fna&oh=0d4e8d4d8ed570b81892dc4b3b76b31e&oe=5CB04974",
             "profile_pic":{  
                "__html":"<img src=\"https://scontent.fhan2-4.fna.fbcdn.net/v/t1.0-1/p43x43/36520582_1703940779724505_9019180620063965184_n.jpg?_nc_cat=105&amp;_nc_ht=scontent.fhan2-4.fna&amp;oh=0d4e8d4d8ed570b81892dc4b3b76b31e&amp;oe=5CB04974\" class=\"img profpic\" height=\"43\" width=\"43\" />"
             },
             "graphql_id":"c3Rvcnk6MTAwMDA0OTY2MTQ0Mzk0OjE1NDQzNTEyMDk1ODg2NjE6NDUxNzYxNzExNTI2Njg3",
             "time":"Vừa xong",
             "app_id":2305272732,
             "app_icon":{  
                "__html":"<img class=\"img\" src=\"https://static.xx.fbcdn.net/rsrc.php/v3/yj/r/AN4PFNRulRD.png\" alt=\"\" />"
             },
             "profile_pic_2x_uri":"https://scontent.fhan2-4.fna.fbcdn.net/v/t1.0-1/p86x86/36520582_1703940779724505_9019180620063965184_n.jpg?_nc_cat=105&_nc_ht=scontent.fhan2-4.fna&oh=61d41ee3f06b2617668a59252bb07e3a&oe=5C963623",
             "type":"photo_comment",
             "unread":1,
             "body":{  
                "__html":"<span class=\"blueName\">Thành</span> đã bình luận về ảnh."
             },
             "href":"https://m.facebook.com/photo.php?fbid=1077210372454491&set=a.229396497235887&type=3&comment_id=1077414532434075&reply_comment_id=1077912435717618&force_theater=true&ref=m_notif&notif_t=photo_comment&notif_id=1544351209588661",
             "content_id":1077414532434075,
             "alert_id":1544351209588661
          }
       },
       {  
          "view_id":13105309460,
          "type":"notifications_sync",
          "i":30000,
          "n":true
       }
    ]
 }