{
    "t": "msg",
    "seq": 6,
    "u": 100004966144394,
    "ms": [
        {
            "ofd_ts": 1544353010352,
            "delta": {
                "attachments": [],
                "body": "Ừm",
                "irisSeqId": "1040106",
                "messageMetadata": {
                    "actorFbId": "100011068210936",
                    "messageId": "mid.$cAAAAAZxKJ3Jtw-IajlnkpzR5qNgs",
                    "offlineThreadingId": "6477486007886862380",
                    "skipSnippetUpdate": false,
                    "tags": [
                        "source:chat:orca",
                        "app_id:237759909591655"
                    ],
                    "threadKey": {
                        "otherUserFbId": "100011068210936"
                    },
                    "timestamp": "1544353010318"
                },
                "randomNonce": -755193161,
                "requestContext": {
                    "apiArgs": {}
                },
                "class": "NewMessage"
            },
            "type": "delta",
            "iseq": 1040106,
            "queue": 100004966144394
        },
        {
            "view_id": 9674422720,
            "type": "inbox",
            "seen_timestamp": 0,
            "recent_unread": 2,
            "unread": 2,
            "unseen": 1
        }
    ]
}
